{
  "version": 1,
  "author": "Anonymous maker",
  "editor": "wokwi",
  "parts": [
    { "type": "wokwi-arduino-uno", "id": "uno", "top": 29.4, "left": -106.2, "attrs": {} },
    {
      "type": "wokwi-lcd1602",
      "id": "lcd1",
      "top": -147.2,
      "left": 178.4,
      "attrs": { "pins": "i2c" }
    },
    { "type": "wokwi-led", "id": "led1", "top": -80.4, "left": 71, "attrs": { "color": "green" } },
    { "type": "wokwi-led", "id": "led2", "top": -80.4, "left": 42.2, "attrs": { "color": "red" } },
    { "type": "wokwi-gnd", "id": "gnd1", "top": -28.8, "left": 76.2, "attrs": {} },
    { "type": "wokwi-potentiometer", "id": "pot1", "top": 123.5, "left": 345.4, "attrs": {} },
    { "type": "wokwi-gnd", "id": "gnd2", "top": 220.8, "left": 345, "attrs": {} },
    { "type": "wokwi-vcc", "id": "vcc1", "top": 163.96, "left": 422.4, "attrs": {} },
    { "type": "wokwi-potentiometer", "id": "pot2", "top": 113.9, "left": 239.8, "attrs": {} },
    { "type": "wokwi-vcc", "id": "vcc2", "top": 163.96, "left": 316.8, "attrs": {} }
  ],
  "connections": [
    [ "lcd1:GND", "uno:GND.1", "black", [ "h0" ] ],
    [ "uno:A4", "lcd1:SDA", "green", [ "v19.1", "h52.2", "v-240", "h-38.4", "v-96" ] ],
    [ "uno:A5", "lcd1:SCL", "green", [ "v-0.1", "h23.5", "v-307.2" ] ],
    [ "uno:5V", "lcd1:VCC", "red", [ "v47.9", "h167", "v-259.2", "h-86.4", "v-115.2" ] ],
    [ "gnd1:GND", "led1:C", "black", [ "v0" ] ],
    [ "led1:A", "uno:6", "green", [ "v0" ] ],
    [ "led2:C", "gnd1:GND", "green", [ "v19.2", "h0.4" ] ],
    [ "uno:7", "led2:A", "green", [ "v-19.2", "h-15.6" ] ],
    [ "pot1:VCC", "vcc1:VCC", "red", [ "v19.2", "h56.8" ] ],
    [ "gnd2:GND", "pot1:GND", "black", [ "v-9.6", "h-9.6" ] ],
    [ "uno:A0", "pot1:SIG", "green", [ "v76.7", "h3.8" ] ],
    [ "pot2:GND", "gnd2:GND", "black", [ "v28.8" ] ],
    [ "pot2:VCC", "vcc2:VCC", "red", [ "v19.2", "h8.8" ] ],
    [ "uno:A1", "pot2:SIG", "green", [ "v28.7", "h167.1" ] ]
  ],
  "dependencies": {}
}